{
  "partial": {
    "feature_names": [
      "Preoperation Volume (CC)",
      "Gender",
      "VCI Area Suprarenal (cm\u00b2)",
      "Preoperation Volume (CC)^2",
      "Preoperation Volume (CC) Gender",
      "Preoperation Volume (CC) VCI Area Suprarenal (cm\u00b2)",
      "Gender^2",
      "Gender VCI Area Suprarenal (cm\u00b2)",
      "VCI Area Suprarenal (cm\u00b2)^2"
    ],
    "input_features": [
      "Preoperation Volume (CC)",
      "Gender",
      "VCI Area Suprarenal (cm\u00b2)"
    ],
    "scaler_mean": [
      894.9012345679013,
      0.5185185185185185,
      4.3937037037037046,
      831854.6296296297,
      506.7901234567901,
      3960.097530864198,
      0.5185185185185185,
      2.4682716049382716,
      20.8490037037037
    ],
    "scaler_scale": [
      176.08637084816033,
      0.4996569467863718,
      1.2427274310016898,
      335073.63357417955,
      503.89207927568657,
      1506.4299707787845,
      0.4996569467863718,
      2.584263770374985,
      12.491297531199438
    ],
    "ridge_intercept": 749.3086419753087,
    "ridge_coefs": [
      61.383637552441236,
      3.026062674132519,
      -8.049738043714067,
      37.31547958554884,
      -1.662143717767807,
      15.861703416153524,
      3.026062674132545,
      -2.807451885681649,
      -3.050750190023093
    ],
    "metrics": {
      "r2": 0.7516,
      "mae_grams": 32.99,
      "r2_cv_mean": 0.7621
    }
  },
  "full": {
    "feature_names": [
      "Preoperation Volume (CC)",
      "Gender",
      "Age",
      "VCI Area Suprarenal (cm\u00b2)",
      "VCI Area Venoatrial (cm\u00b2)",
      "VCI Total (cm\u00b2)",
      "VCI Difference (cm\u00b2)",
      "Volume / VCI Total",
      "Volume x Age",
      "Volume x Gender",
      "Preoperation Volume (CC)^2",
      "Preoperation Volume (CC) Gender",
      "Preoperation Volume (CC) Age",
      "Preoperation Volume (CC) VCI Area Suprarenal (cm\u00b2)",
      "Preoperation Volume (CC) VCI Area Venoatrial (cm\u00b2)",
      "Preoperation Volume (CC) VCI Total (cm\u00b2)",
      "Preoperation Volume (CC) VCI Difference (cm\u00b2)",
      "Preoperation Volume (CC) Volume / VCI Total",
      "Preoperation Volume (CC) Volume x Age",
      "Preoperation Volume (CC) Volume x Gender",
      "Gender^2",
      "Gender Age",
      "Gender VCI Area Suprarenal (cm\u00b2)",
      "Gender VCI Area Venoatrial (cm\u00b2)",
      "Gender VCI Total (cm\u00b2)",
      "Gender VCI Difference (cm\u00b2)",
      "Gender Volume / VCI Total",
      "Gender Volume x Age",
      "Gender Volume x Gender",
      "Age^2",
      "Age VCI Area Suprarenal (cm\u00b2)",
      "Age VCI Area Venoatrial (cm\u00b2)",
      "Age VCI Total (cm\u00b2)",
      "Age VCI Difference (cm\u00b2)",
      "Age Volume / VCI Total",
      "Age Volume x Age",
      "Age Volume x Gender",
      "VCI Area Suprarenal (cm\u00b2)^2",
      "VCI Area Suprarenal (cm\u00b2) VCI Area Venoatrial (cm\u00b2)",
      "VCI Area Suprarenal (cm\u00b2) VCI Total (cm\u00b2)",
      "VCI Area Suprarenal (cm\u00b2) VCI Difference (cm\u00b2)",
      "VCI Area Suprarenal (cm\u00b2) Volume / VCI Total",
      "VCI Area Suprarenal (cm\u00b2) Volume x Age",
      "VCI Area Suprarenal (cm\u00b2) Volume x Gender",
      "VCI Area Venoatrial (cm\u00b2)^2",
      "VCI Area Venoatrial (cm\u00b2) VCI Total (cm\u00b2)",
      "VCI Area Venoatrial (cm\u00b2) VCI Difference (cm\u00b2)",
      "VCI Area Venoatrial (cm\u00b2) Volume / VCI Total",
      "VCI Area Venoatrial (cm\u00b2) Volume x Age",
      "VCI Area Venoatrial (cm\u00b2) Volume x Gender",
      "VCI Total (cm\u00b2)^2",
      "VCI Total (cm\u00b2) VCI Difference (cm\u00b2)",
      "VCI Total (cm\u00b2) Volume / VCI Total",
      "VCI Total (cm\u00b2) Volume x Age",
      "VCI Total (cm\u00b2) Volume x Gender",
      "VCI Difference (cm\u00b2)^2",
      "VCI Difference (cm\u00b2) Volume / VCI Total",
      "VCI Difference (cm\u00b2) Volume x Age",
      "VCI Difference (cm\u00b2) Volume x Gender",
      "Volume / VCI Total^2",
      "Volume / VCI Total Volume x Age",
      "Volume / VCI Total Volume x Gender",
      "Volume x Age^2",
      "Volume x Age Volume x Gender",
      "Volume x Gender^2"
    ],
    "input_features": [
      "Preoperation Volume (CC)",
      "Gender",
      "Age",
      "VCI Area Suprarenal (cm\u00b2)",
      "VCI Area Venoatrial (cm\u00b2)",
      "VCI Total (cm\u00b2)",
      "VCI Difference (cm\u00b2)",
      "Volume / VCI Total",
      "Volume x Age",
      "Volume x Gender"
    ],
    "scaler_mean": [
      894.9012345679013,
      0.5185185185185185,
      31.209876543209877,
      4.3937037037037046,
      4.845925925925924,
      9.239629629629633,
      0.4522222222222222,
      99.21812030168539,
      27914.222222222223,
      506.7901234567901,
      831854.6296296297,
      506.7901234567901,
      27914.222222222223,
      3960.097530864198,
      4421.013209876544,
      8381.11074074074,
      460.91567901234566,
      91210.24209386916,
      25920076.938271604,
      510743.4567901235,
      0.5185185185185185,
      15.209876543209877,
      2.4682716049382716,
      2.602716049382716,
      5.070987654320989,
      0.1344444444444444,
      53.305890065619266,
      14920.111111111111,
      506.7901234567901,
      1051.1604938271605,
      136.59456790123454,
      151.63246913580252,
      288.227037037037,
      15.037901234567896,
      3101.485327367037,
      940766.8641975309,
      14920.111111111111,
      20.8490037037037,
      21.403406172839503,
      42.252409876543204,
      0.5544024691358022,
      421.2210820879195,
      122771.43320987654,
      2417.2176543209875,
      24.966261728395057,
      46.36966790123457,
      3.562855555555557,
      473.6800532618614,
      138470.58876543207,
      2590.4577777777777,
      88.62207777777778,
      4.117258024691358,
      894.9011353497812,
      261242.02197530866,
      5007.675432098766,
      3.008453086419754,
      52.45897117394196,
      15699.155555555553,
      173.24012345679006,
      10383.00950955392,
      2850087.1019096873,
      53336.71084913714,
      873463712.6419753,
      15106266.185185185,
      510743.4567901235
    ],
    "scaler_scale": [
      176.08637084816033,
      0.4996569467863718,
      8.780894031063035,
      1.2427274310016898,
      1.2178931188055948,
      1.8031422808663802,
      1.674499372394074,
      23.211508209382146,
      9708.754316098964,
      503.89207927568657,
      335073.63357417955,
      503.89207927568657,
      9708.754316098964,
      1506.4299707787845,
      1836.1774333282092,
      2885.916911230359,
      1718.4997027998882,
      36358.43220082609,
      13172126.081230545,
      553748.2383908228,
      0.4996569467863718,
      15.937932119057095,
      2.584263770374985,
      2.682635065505684,
      5.0818154637152055,
      1.3874623785356675,
      54.2787821796118,
      16285.376155266378,
      503.89207927568657,
      598.2802814980502,
      54.53722120183819,
      62.0819278594252,
      102.14755472795156,
      56.769935612279355,
      1184.4354238540932,
      576178.1392762535,
      16285.376155266378,
      12.491297531199438,
      8.68426303393411,
      19.849709989507573,
      8.299812663153954,
      104.57948647185583,
      56290.92921223275,
      2616.848888681435,
      14.995284135301066,
      21.852631314537234,
      11.091097606316493,
      133.9805199456234,
      77519.25307092765,
      2927.360200260489,
      37.25864970393112,
      18.83852399507597,
      176.08635710590667,
      122004.58663393918,
      5330.038218778051,
      5.3766798676811245,
      163.6120175060635,
      58912.540742900135,
      1557.358110034461,
      5238.606881035019,
      1481726.4552294102,
      58680.87551370725,
      643122154.0167589,
      18177126.919071134,
      553748.2383908228
    ],
    "ridge_intercept": 749.3086419753087,