{
  "input_mean": [
    890.6078431372549,
    0.5490196078431373,
    4.324901954800475
  ],
  "input_std": [
    165.13210141846244,
    0.49759127609605963,
    1.2295653238349304
  ],
  "output_mean": 743.8823529411765,
  "output_std": 120.14593202725993,
  "feature_names": [
    "Preoperation Volume (CC)",
    "Gender",
    "VCI Area Suprarenal (cm\u00b2)"
  ],
  "metrics": {
    "r2": 0.7988,
    "mae_grams": 32.11
  }
}